season,team,team_official,matches,wins,draws,losses,points,points_per_match,goals_for,goals_against,goal_difference,goals_for_per_match,goals_against_per_match,clean_sheets,failed_to_score,home_matches,home_wins,home_draws,home_losses,home_points,home_points_per_match,home_goals_for,home_goals_against,home_goal_difference,home_goals_for_per_match,home_goals_against_per_match,home_clean_sheets,home_failed_to_score,away_matches,away_wins,away_draws,away_losses,away_points,away_points_per_match,away_goals_for,away_goals_against,away_goal_difference,away_goals_for_per_match,away_goals_against_per_match,away_clean_sheets,away_failed_to_score
2010-11,Barcelona,FC Barcelona,38,30,6,2,96,2.53,95,21,74,2.5,0.55,19,2,19,16,2,1,50,2.63,46,10,36,2.42,0.53,10,2,19,14,4,1,46,2.42,49,11,38,2.58,0.58,9,0
2010-11,Real Madrid,Real Madrid CF,38,29,5,4,92,2.42,102,33,69,2.68,0.87,16,6,19,16,1,2,49,2.58,61,12,49,3.21,0.63,10,1,19,13,4,2,43,2.26,41,21,20,2.16,1.11,6,5
2010-11,Valencia,Valencia CF,38,21,8,9,71,1.87,64,44,20,1.68,1.16,12,8,19,10,5,4,35,1.84,34,21,13,1.79,1.11,8,4,19,11,3,5,36,1.89,30,23,7,1.58,1.21,4,4
2010-11,Villarreal,Villarreal CF,38,18,8,12,62,1.63,54,44,10,1.42,1.16,13,9,19,13,3,3,42,2.21,33,14,19,1.74,0.74,8,2,19,5,5,9,20,1.05,21,30,-9,1.11,1.58,5,7
2010-11,Ath Madrid,Club Atlético de Madrid,38,17,7,14,58,1.53,62,53,9,1.63,1.39,11,8,19,10,3,6,33,1.74,35,20,15,1.84,1.05,8,3,19,7,4,8,25,1.32,27,33,-6,1.42,1.74,3,5
2010-11,Ath Bilbao,Athletic Bilbao,38,18,4,16,58,1.53,59,55,4,1.55,1.45,9,4,19,12,1,6,37,1.95,32,20,12,1.68,1.05,7,2,19,6,3,10,21,1.11,27,35,-8,1.42,1.84,2,2
2010-11,Sevilla,Sevilla FC,38,17,7,14,58,1.53,62,61,1,1.63,1.61,8,9,19,10,4,5,34,1.79,35,27,8,1.84,1.42,6,2,19,7,3,9,24,1.26,27,34,-7,1.42,1.79,2,7
2010-11,Espanol,RCD Espanyol,38,15,4,19,49,1.29,46,55,-9,1.21,1.45,10,14,19,11,2,6,35,1.84,33,22,11,1.74,1.16,7,2,19,4,2,13,14,0.74,13,33,-20,0.68,1.74,3,12
2010-11,Osasuna,CA Osasuna,38,13,8,17,47,1.24,45,46,-1,1.18,1.21,14,16,19,10,6,3,36,1.89,28,14,14,1.47,0.74,11,5,19,3,2,14,11,0.58,17,32,-15,0.89,1.68,3,11
2010-11,Sp Gijon,Sporting Gijón,38,11,14,13,47,1.24,35,42,-7,0.92,1.11,14,14,19,9,6,4,33,1.74,23,16,7,1.21,0.84,9,3,19,2,8,9,14,0.74,12,26,-14,0.63,1.37,5,11
2010-11,Malaga,Málaga CF,38,13,7,18,46,1.21,54,68,-14,1.42,1.79,9,9,19,7,3,9,24,1.26,29,29,0,1.53,1.53,5,3,19,6,4,9,22,1.16,25,39,-14,1.32,2.05,4,6
2010-11,Santander,Racing Santander,38,12,10,16,46,1.21,41,56,-15,1.08,1.47,9,10,19,8,6,5,30,1.58,25,21,4,1.32,1.11,6,4,19,4,4,11,16,0.84,16,35,-19,0.84,1.84,3,6
2010-11,Levante,Levante UD,38,12,9,17,45,1.18,41,52,-11,1.08,1.37,10,7,19,9,4,6,31,1.63,25,20,5,1.32,1.05,6,3,19,3,5,11,14,0.74,16,32,-16,0.84,1.68,4,4
2010-11,Zaragoza,Real Zaragoza,38,12,9,17,45,1.18,40,53,-13,1.05,1.39,9,13,19,9,3,7,30,1.58,26,27,-1,1.37,1.42,6,4,19,3,6,10,15,0.79,14,26,-12,0.74,1.37,3,9
2010-11,Sociedad,Real Sociedad,38,14,3,21,45,1.18,49,66,-17,1.29,1.74,9,5,19,11,2,6,35,1.84,27,21,6,1.42,1.11,8,1,19,3,1,15,10,0.53,22,45,-23,1.16,2.37,1,4
2010-11,Getafe,Getafe CF,38,12,8,18,44,1.16,49,60,-11,1.29,1.58,10,12,19,9,3,7,30,1.58,33,26,7,1.74,1.37,7,3,19,3,5,11,14,0.74,16,34,-18,0.84,1.79,3,9
2010-11,Mallorca,RCD Mallorca,38,12,8,18,44,1.16,41,56,-15,1.08,1.47,10,15,19,9,4,6,31,1.63,25,19,6,1.32,1.0,10,7,19,3,4,12,13,0.68,16,37,-21,0.84,1.95,0,8
2010-11,La Coruna,Deportivo La Coruña,38,10,13,15,43,1.13,31,47,-16,0.82,1.24,13,21,19,8,6,5,30,1.58,22,19,3,1.16,1.0,8,8,19,2,7,10,13,0.68,9,28,-19,0.47,1.47,5,13
2010-11,Hercules,Hércules CF,38,9,8,21,35,0.92,36,60,-24,0.95,1.58,8,19,19,7,5,7,26,1.37,27,27,0,1.42,1.42,5,6,19,2,3,14,9,0.47,9,33,-24,0.47,1.74,3,13
2010-11,Almeria,UD Almería,38,6,12,20,30,0.79,36,70,-34,0.95,1.84,3,15,19,3,10,6,19,1.0,23,35,-12,1.21,1.84,1,5,19,3,2,14,11,0.58,13,35,-22,0.68,1.84,2,10
2011-12,Real Madrid,Real Madrid CF,38,32,4,2,100,2.63,121,32,89,3.18,0.84,14,3,19,16,2,1,50,2.63,70,19,51,3.68,1.0,5,1,19,16,2,1,50,2.63,51,13,38,2.68,0.68,9,2
2011-12,Barcelona,FC Barcelona,38,28,7,3,91,2.39,114,29,85,3.0,0.76,19,3,19,17,1,1,52,2.74,73,11,62,3.84,0.58,12,1,19,11,6,2,39,2.05,41,18,23,2.16,0.95,7,2
2011-12,Valencia,Valencia CF,38,17,10,11,61,1.61,59,44,15,1.55,1.16,14,7,19,11,4,4,37,1.95,40,20,20,2.11,1.05,7,1,19,6,6,7,24,1.26,19,24,-5,1.0,1.26,7,6
2011-12,Malaga,Málaga CF,38,17,7,14,58,1.53,54,53,1,1.42,1.39,10,9,19,13,3,3,42,2.21,35,21,14,1.84,1.11,7,3,19,4,4,11,16,0.84,19,32,-13,1.0,1.68,3,6
2011-12,Ath Madrid,Club Atlético de Madrid,38,15,11,12,56,1.47,53,46,7,1.39,1.21,15,12,19,11,5,3,38,2.0,36,17,19,1.89,0.89,8,4,19,4,6,9,18,0.95,17,29,-12,0.89,1.53,7,8
2011-12,Levante,Levante UD,38,16,7,15,55,1.45,54,50,4,1.42,1.32,12,11,19,11,3,5,36,1.89,33,19,14,1.74,1.0,9,4,19,5,4,10,19,1.0,21,31,-10,1.11,1.63,3,7
2011-12,Osasuna,CA Osasuna,38,13,15,10,54,1.42,44,61,-17,1.16,1.61,10,12,19,10,6,3,36,1.89,26,19,7,1.37,1.0,7,5,19,3,9,7,18,0.95,18,42,-24,0.95,2.21,3,7
2011-12,Mallorca,RCD Mallorca,38,14,10,14,52,1.37,42,46,-4,1.11,1.21,12,11,19,9,5,5,32,1.68,21,15,6,1.11,0.79,8,4,19,5,5,9,20,1.05,21,31,-10,1.11,1.63,4,7
2011-12,Sevilla,Sevilla FC,38,13,11,14,50,1.32,48,47,1,1.26,1.24,13,11,19,9,4,6,31,1.63,32,25,7,1.68,1.32,6,2,19,4,7,8,19,1.0,16,22,-6,0.84,1.16,7,9
2011-12,Ath Bilbao,Athletic Bilbao,38,12,13,13,49,1.29,49,52,-3,1.29,1.37,9,9,19,8,7,4,31,1.63,29,21,8,1.53,1.11,7,4,19,4,6,9,18,0.95,20,31,-11,1.05,1.63,2,5
2011-12,Sociedad,Real Sociedad,38,12,11,15,47,1.24,46,52,-6,1.21,1.37,12,12,19,9,6,4,33,1.74,29,17,12,1.53,0.89,10,5,19,3,5,11,14,0.74,17,35,-18,0.89,1.84,2,7
2011-12,Betis,Real Betis Balompié,38,13,8,17,47,1.24,47,56,-9,1.24,1.47,8,10,19,7,7,5,28,1.47,28,25,3,1.47,1.32,4,3,19,6,1,12,19,1.0,19,31,-12,1.0,1.63,4,7
2011-12,Getafe,Getafe CF,38,12,11,15,47,1.24,40,51,-11,1.05,1.34,10,14,19,8,6,5,30,1.58,24,19,5,1.26,1.0,7,5,19,4,5,10,17,0.89,16,32,-16,0.84,1.68,3,9
2011-12,Espanol,RCD Espanyol,38,12,10,16,46,1.21,46,56,-10,1.21,1.47,11,11,19,9,4,6,31,1.63,31,24,7,1.63,1.26,6,4,19,3,6,10,15,0.79,15,32,-17,0.79,1.68,5,7
2011-12,Vallecano,Rayo Vallecano,38,13,4,21,43,1.13,53,73,-20,1.39,1.92,10,12,19,8,1,10,25,1.32,29,26,3,1.53,1.37,7,7,19,5,3,11,18,0.95,24,47,-23,1.26,2.47,3,5
2011-12,Zaragoza,Real Zaragoza,38,12,7,19,43,1.13,36,61,-25,0.95,1.61,10,15,19,8,4,7,28,1.47,19,24,-5,1.0,1.26,6,6,19,4,3,12,15,0.79,17,37,-20,0.89,1.95,4,9
2011-12,Granada,Granada CF,38,12,6,20,42,1.11,35,56,-21,0.92,1.47,8,16,19,8,5,6,29,1.53,22,20,2,1.16,1.05,5,6,19,4,1,14,13,0.68,13,36,-23,0.68,1.89,3,10
2011-12,Villarreal,Villarreal CF,38,9,14,15,41,1.08,39,53,-14,1.03,1.39,9,14,19,6,10,3,28,1.47,26,20,6,1.37,1.05,6,4,19,3,4,12,13,0.68,13,33,-20,0.68,1.74,3,10
2011-12,Sp Gijon,Sporting Gijón,38,10,7,21,37,0.97,42,69,-27,1.11,1.82,4,11,19,7,4,8,25,1.32,24,26,-2,1.26,1.37,3,4,19,3,3,13,12,0.63,18,43,-25,0.95,2.26,1,7
2011-12,Santander,Racing Santander,38,4,15,19,27,0.71,28,63,-35,0.74,1.66,10,17,19,3,7,9,16,0.84,11,24,-13,0.58,1.26,7,10,19,1,8,10,11,0.58,17,39,-22,0.89,2.05,3,7
2012-13,Barcelona,FC Barcelona,38,32,4,2,100,2.63,115,40,75,3.03,1.05,10,0,19,18,1,0,55,2.89,63,15,48,3.32,0.79,6,0,19,14,3,2,45,2.37,52,25,27,2.74,1.32,4,0
2012-13,Real Madrid,Real Madrid CF,38,26,7,5,85,2.24,103,42,61,2.71,1.11,11,4,19,17,2,0,53,2.79,67,21,46,3.53,1.11,6,0,19,9,5,5,32,1.68,36,21,15,1.89,1.11,5,4
2012-13,Ath Madrid,Club Atlético de Madrid,38,23,7,8,76,2.0,65,31,34,1.71,0.82,20,8,19,14,2,3,44,2.32,42,12,30,2.21,0.63,11,2,19,9,5,5,32,1.68,23,19,4,1.21,1.0,9,6
2012-13,Sociedad,Real Sociedad,38,18,12,8,66,1.74,70,49,21,1.84,1.29,10,7,19,10,7,2,37,1.95,41,22,19,2.16,1.16,5,3,19,8,5,6,29,1.53,29,27,2,1.53,1.42,5,4
2012-13,Valencia,Valencia CF,38,19,8,11,65,1.71,67,54,13,1.76,1.42,11,8,19,13,3,3,42,2.21,42,25,17,2.21,1.32,7,2,19,6,5,8,23,1.21,25,29,-4,1.32,1.53,4,6
2012-13,Malaga,Málaga CF,38,16,9,13,57,1.5,53,50,3,1.39,1.32,13,10,19,10,5,4,35,1.84,33,18,15,1.74,0.95,7,3,19,6,4,9,22,1.16,20,32,-12,1.05,1.68,6,7
2012-13,Betis,Real Betis Balompié,38,16,8,14,56,1.47,57,56,1,1.5,1.47,13,9,19,9,5,5,32,1.68,28,18,10,1.47,0.95,10,2,19,7,3,9,24,1.26,29,38,-9,1.53,2.0,3,7
2012-13,Vallecano,Rayo Vallecano,38,16,5,17,53,1.39,50,66,-16,1.32,1.74,9,12,19,9,3,7,30,1.58,27,29,-2,1.42,1.53,6,6,19,7,2,10,23,1.21,23,37,-14,1.21,1.95,3,6
2012-13,Sevilla,Sevilla FC,38,14,8,16,50,1.32,58,54,4,1.53,1.42,9,9,19,13,1,5,40,2.11,41,21,20,2.16,1.11,6,3,19,1,7,11,10,0.53,17,33,-16,0.89,1.74,3,6
2012-13,Getafe,Getafe CF,38,13,8,17,47,1.24,43,57,-14,1.13,1.5,9,10,19,9,4,6,31,1.63,25,23,2,1.32,1.21,5,4,19,4,4,11,16,0.84,18,34,-16,0.95,1.79,4,6
2012-13,Levante,Levante UD,38,12,10,16,46,1.21,40,57,-17,1.05,1.5,10,13,19,8,4,7,28,1.47,25,26,-1,1.32,1.37,5,6,19,4,6,9,18,0.95,15,31,-16,0.79,1.63,5,7
2012-13,Ath Bilbao,Athletic Bilbao,38,12,9,17,45,1.18,44,65,-21,1.16,1.71,9,9,19,8,3,8,27,1.42,22,27,-5,1.16,1.42,7,5,19,4,6,9,18,0.95,22,38,-16,1.16,2.0,2,4
2012-13,Espanol,RCD Espanyol,38,11,11,16,44,1.16,43,52,-9,1.13,1.37,12,16,19,6,7,6,25,1.32,25,28,-3,1.32,1.47,5,7,19,5,4,10,19,1.0,18,24,-6,0.95,1.26,7,9
2012-13,Valladolid,Real Valladolid CF,38,11,10,17,43,1.13,49,58,-9,1.29,1.53,9,7,19,7,6,6,27,1.42,29,26,3,1.53,1.37,4,3,19,4,4,11,16,0.84,20,32,-12,1.05,1.68,5,4
2012-13,Granada,Granada CF,38,11,9,18,42,1.11,37,54,-17,0.97,1.42,10,13,19,6,6,7,24,1.26,21,21,0,1.11,1.11,7,3,19,5,3,11,18,0.95,16,33,-17,0.84,1.74,3,10
2012-13,Osasuna,CA Osasuna,38,10,9,19,39,1.03,33,50,-17,0.87,1.32,12,17,19,7,5,7,26,1.37,15,14,1,0.79,0.74,9,9,19,3,4,12,13,0.68,18,36,-18,0.95,1.89,3,8
2012-13,Celta,RC Celta de Vigo,38,10,7,21,37,0.97,37,52,-15,0.97,1.37,6,11,19,7,6,6,27,1.42,23,21,2,1.21,1.11,3,4,19,3,1,15,10,0.53,14,31,-17,0.74,1.63,3,7
2012-13,Mallorca,RCD Mallorca,38,9,9,20,36,0.95,43,72,-29,1.13,1.89,5,10,19,7,5,7,26,1.37,26,30,-4,1.37,1.58,4,2,19,2,4,13,10,0.53,17,42,-25,0.89,2.21,1,8
2012-13,La Coruna,Deportivo La Coruña,38,8,11,19,35,0.92,47,70,-23,1.24,1.84,8,11,19,6,5,8,23,1.21,23,26,-3,1.21,1.37,7,7,19,2,6,11,12,0.63,24,44,-20,1.26,2.32,1,4
2012-13,Zaragoza,Real Zaragoza,38,9,7,22,34,0.89,37,62,-25,0.97,1.63,6,18,19,5,4,10,19,1.0,23,27,-4,1.21,1.42,3,8,19,4,3,12,15,0.79,14,35,-21,0.74,1.84,3,10
2013-14,Ath Madrid,Club Atlético de Madrid,38,28,6,4,90,2.37,77,26,51,2.03,0.68,20,5,19,15,4,0,49,2.58,49,10,39,2.58,0.53,12,1,19,13,2,4,41,2.16,28,16,12,1.47,0.84,8,4
2013-14,Barcelona,FC Barcelona,38,27,6,5,87,2.29,100,33,67,2.63,0.87,16,6,19,16,2,1,50,2.63,64,15,49,3.37,0.79,8,0,19,11,4,4,37,1.95,36,18,18,1.89,0.95,8,6
2013-14,Real Madrid,Real Madrid CF,38,27,6,5,87,2.29,104,38,66,2.74,1.0,16,2,19,16,1,2,49,2.58,63,17,46,3.32,0.89,9,1,19,11,5,3,38,2.0,41,21,20,2.16,1.11,7,1
2013-14,Ath Bilbao,Athletic Bilbao,38,20,10,8,70,1.84,66,39,27,1.74,1.03,12,6,19,13,4,2,43,2.26,42,18,24,2.21,0.95,6,0,19,7,6,6,27,1.42,24,21,3,1.26,1.11,6,6
2013-14,Sevilla,Sevilla FC,38,18,9,11,63,1.66,69,52,17,1.82,1.37,9,6,19,11,4,4,37,1.95,40,21,19,2.11,1.11,6,3,19,7,5,7,26,1.37,29,31,-2,1.53,1.63,3,3
2013-14,Villarreal,Villarreal CF,38,17,8,13,59,1.55,60,44,16,1.58,1.16,10,10,19,9,6,4,33,1.74,36,21,15,1.89,1.11,4,2,19,8,2,9,26,1.37,24,23,1,1.26,1.21,6,8
2013-14,Sociedad,Real Sociedad,38,16,11,11,59,1.55,62,55,7,1.63,1.45,12,7,19,11,4,4,37,1.95,38,19,19,2.0,1.0,9,3,19,5,7,7,22,1.16,24,36,-12,1.26,1.89,3,4
2013-14,Valencia,Valencia CF,38,13,10,15,49,1.29,51,53,-2,1.34,1.39,10,8,19,10,3,6,33,1.74,35,24,11,1.84,1.26,5,1,19,3,7,9,16,0.84,16,29,-13,0.84,1.53,5,7
2013-14,Celta,RC Celta de Vigo,38,14,7,17,49,1.29,49,54,-5,1.29,1.42,9,15,19,6,7,6,25,1.32,23,23,0,1.21,1.21,4,8,19,8,0,11,24,1.26,26,31,-5,1.37,1.63,5,7
2013-14,Levante,Levante UD,38,12,12,14,48,1.26,35,43,-8,0.92,1.13,16,16,19,7,6,6,27,1.42,19,16,3,1.0,0.84,10,7,19,5,6,8,21,1.11,16,27,-11,0.84,1.42,6,9
2013-14,Malaga,Málaga CF,38,12,9,17,45,1.18,39,46,-7,1.03,1.21,12,17,19,8,2,9,26,1.37,24,21,3,1.26,1.11,6,8,19,4,7,8,19,1.0,15,25,-10,0.79,1.32,6,9
2013-14,Vallecano,Rayo Vallecano,38,13,4,21,43,1.13,46,80,-34,1.21,2.11,10,13,19,8,0,11,24,1.26,28,36,-8,1.47,1.89,5,5,19,5,4,10,19,1.0,18,44,-26,0.95,2.32,5,8
2013-14,Espanol,RCD Espanyol,38,11,9,18,42,1.11,41,51,-10,1.08,1.34,9,14,19,7,5,7,26,1.37,23,22,1,1.21,1.16,6,6,19,4,4,11,16,0.84,18,29,-11,0.95,1.53,3,8
2013-14,Getafe,Getafe CF,38,11,9,18,42,1.11,35,54,-19,0.92,1.42,10,19,19,6,6,7,24,1.26,20,24,-4,1.05,1.26,6,8,19,5,3,11,18,0.95,15,30,-15,0.79,1.58,4,11
2013-14,Granada,Granada CF,38,12,5,21,41,1.08,32,56,-24,0.84,1.47,12,17,19,7,1,11,22,1.16,18,22,-4,0.95,1.16,7,8,19,5,4,10,19,1.0,14,34,-20,0.74,1.79,5,9
2013-14,Elche,Elche CF,38,9,13,16,40,1.05,30,50,-20,0.79,1.32,11,15,19,6,8,5,26,1.37,13,12,1,0.68,0.63,9,9,19,3,5,11,14,0.74,17,38,-21,0.89,2.0,2,6
2013-14,Almeria,UD Almería,38,11,7,20,40,1.05,43,71,-28,1.13,1.87,10,13,19,6,6,7,24,1.26,26,31,-5,1.37,1.63,7,6,19,5,1,13,16,0.84,17,40,-23,0.89,2.11,3,7
2013-14,Osasuna,CA Osasuna,38,10,9,19,39,1.03,32,62,-30,0.84,1.63,9,16,19,6,5,8,23,1.21,20,25,-5,1.05,1.32,5,7,19,4,4,11,16,0.84,12,37,-25,0.63,1.95,4,9
2013-14,Valladolid,Real Valladolid CF,38,7,15,16,36,0.95,38,60,-22,1.0,1.58,12,13,19,6,9,4,27,1.42,20,17,3,1.05,0.89,8,5,19,1,6,12,9,0.47,18,43,-25,0.95,2.26,4,8
2013-14,Betis,Real Betis Balompié,38,6,7,25,25,0.66,36,78,-42,0.95,2.05,8,15,19,5,3,11,18,0.95,19,31,-12,1.0,1.63,5,8,19,1,4,14,7,0.37,17,47,-30,0.89,2.47,3,7
2014-15,Barcelona,FC Barcelona,38,30,4,4,94,2.47,110,21,89,2.89,0.55,23,5,19,16,1,2,49,2.58,64,11,53,3.37,0.58,10,2,19,14,3,2,45,2.37,46,10,36,2.42,0.53,13,3
2014-15,Real Madrid,Real Madrid CF,38,30,2,6,92,2.42,118,38,80,3.11,1.0,15,2,19,16,2,1,50,2.63,65,15,50,3.42,0.79,8,0,19,14,0,5,42,2.21,53,23,30,2.79,1.21,7,2
2014-15,Ath Madrid,Club Atlético de Madrid,38,23,9,6,78,2.05,67,29,38,1.76,0.76,19,8,19,14,3,2,45,2.37,42,11,31,2.21,0.58,10,3,19,9,6,4,33,1.74,25,18,7,1.32,0.95,9,5
2014-15,Valencia,Valencia CF,38,22,11,5,77,2.03,70,32,38,1.84,0.84,13,6,19,15,3,1,48,2.53,42,10,32,2.21,0.53,10,3,19,7,8,4,29,1.53,28,22,6,1.47,1.16,3,3
2014-15,Sevilla,Sevilla FC,38,23,7,8,76,2.0,71,45,26,1.87,1.18,14,4,19,13,5,1,44,2.32,38,13,25,2.0,0.68,10,2,19,10,2,7,32,1.68,33,32,1,1.74,1.68,4,2
2014-15,Villarreal,Villarreal CF,38,16,12,10,60,1.58,48,37,11,1.26,0.97,16,12,19,12,1,6,37,1.95,29,17,12,1.53,0.89,9,6,19,4,11,4,23,1.21,19,20,-1,1.0,1.05,7,6
2014-15,Ath Bilbao,Athletic Bilbao,38,15,10,13,55,1.45,42,41,1,1.11,1.08,14,13,19,8,6,5,30,1.58,28,20,8,1.47,1.05,7,3,19,7,4,8,25,1.32,14,21,-7,0.74,1.11,7,10
2014-15,Celta,RC Celta de Vigo,38,13,12,13,51,1.34,47,44,3,1.24,1.16,10,9,19,8,5,6,29,1.53,30,22,8,1.58,1.16,5,4,19,5,7,7,22,1.16,17,22,-5,0.89,1.16,5,5
2014-15,Malaga,Málaga CF,38,14,8,16,50,1.32,42,48,-6,1.11,1.26,10,10,19,8,6,5,30,1.58,26,20,6,1.37,1.05,7,3,19,6,2,11,20,1.05,16,28,-12,0.84,1.47,3,7
2014-15,Espanol,RCD Espanyol,38,13,10,15,49,1.29,47,51,-4,1.24,1.34,13,8,19,8,6,5,30,1.58,23,19,4,1.21,1.0,8,3,19,5,4,10,19,1.0,24,32,-8,1.26,1.68,5,5
2014-15,Vallecano,Rayo Vallecano,38,15,4,19,49,1.29,46,68,-22,1.21,1.79,10,10,19,8,2,9,26,1.37,26,26,0,1.37,1.37,6,5,19,7,2,10,23,1.21,20,42,-22,1.05,2.21,4,5
2014-15,Sociedad,Real Sociedad,38,11,13,14,46,1.21,44,51,-7,1.16,1.34,8,13,19,9,5,5,32,1.68,29,21,8,1.53,1.11,6,4,19,2,8,9,14,0.74,15,30,-15,0.79,1.58,2,9
2014-15,Elche,Elche CF,38,11,8,19,41,1.08,35,62,-27,0.92,1.63,9,17,19,6,3,10,21,1.11,19,31,-12,1.0,1.63,5,8,19,5,5,9,20,1.05,16,31,-15,0.84,1.63,4,9
2014-15,Getafe,Getafe CF,38,10,7,21,37,0.97,33,64,-31,0.87,1.68,5,15,19,6,5,8,23,1.21,16,22,-6,0.84,1.16,4,7,19,4,2,13,14,0.74,17,42,-25,0.89,2.21,1,8
2014-15,Levante,Levante UD,38,9,10,19,37,0.97,34,67,-33,0.89,1.76,7,19,19,6,6,7,24,1.26,20,30,-10,1.05,1.58,3,8,19,3,4,12,13,0.68,14,37,-23,0.74,1.95,4,11
2014-15,Eibar,SD Eibar,38,9,8,21,35,0.92,34,55,-21,0.89,1.45,8,17,19,5,3,11,18,0.95,20,29,-9,1.05,1.53,3,8,19,4,5,10,17,0.89,14,26,-12,0.74,1.37,5,9
2014-15,La Coruna,Deportivo La Coruña,38,7,14,17,35,0.92,35,60,-25,0.92,1.58,12,15,19,5,6,8,21,1.11,22,30,-8,1.16,1.58,7,6,19,2,8,9,14,0.74,13,30,-17,0.68,1.58,5,9
2014-15,Granada,Granada CF,38,7,14,17,35,0.92,29,64,-35,0.76,1.68,11,15,19,4,10,5,22,1.16,13,17,-4,0.68,0.89,8,8,19,3,4,12,13,0.68,16,47,-31,0.84,2.47,3,7
2014-15,Almeria,UD Almería,38,8,8,22,32,0.84,35,64,-29,0.92,1.68,8,15,19,3,7,9,16,0.84,20,28,-8,1.05,1.47,5,6,19,5,1,13,16,0.84,15,36,-21,0.79,1.89,3,9
2014-15,Cordoba,Córdoba CF,38,3,11,24,20,0.53,22,68,-46,0.58,1.79,7,19,19,1,6,12,9,0.47,12,33,-21,0.63,1.74,4,8,19,2,5,12,11,0.58,10,35,-25,0.53,1.84,3,11
2015-16,Barcelona,FC Barcelona,38,29,4,5,91,2.39,112,29,83,2.95,0.76,18,2,19,16,1,2,49,2.58,67,14,53,3.53,0.74,9,0,19,13,3,3,42,2.21,45,15,30,2.37,0.79,9,2
2015-16,Real Madrid,Real Madrid CF,38,28,6,4,90,2.37,110,34,76,2.89,0.89,14,5,19,16,1,2,49,2.58,70,16,54,3.68,0.84,9,3,19,12,5,2,41,2.16,40,18,22,2.11,0.95,5,2
2015-16,Ath Madrid,Club Atlético de Madrid,38,28,4,6,88,2.32,63,18,45,1.66,0.47,24,4,19,15,3,1,48,2.53,33,7,26,1.74,0.37,13,2,19,13,1,5,40,2.11,30,11,19,1.58,0.58,11,2
2015-16,Villarreal,Villarreal CF,38,18,10,10,64,1.68,44,35,9,1.16,0.92,17,13,19,12,4,3,40,2.11,26,12,14,1.37,0.63,10,4,19,6,6,7,24,1.26,18,23,-5,0.95,1.21,7,9
2015-16,Ath Bilbao,Athletic Bilbao,38,18,8,12,62,1.63,58,45,13,1.53,1.18,13,11,19,11,4,4,37,1.95,35,17,18,1.84,0.89,5,5,19,7,4,8,25,1.32,23,28,-5,1.21,1.47,8,6
2015-16,Celta,RC Celta de Vigo,38,17,9,12,60,1.58,51,59,-8,1.34,1.55,10,8,19,9,6,4,33,1.74,29,25,4,1.53,1.32,6,4,19,8,3,8,27,1.42,22,34,-12,1.16,1.79,4,4
2015-16,Sevilla,Sevilla FC,38,14,10,14,52,1.37,51,50,1,1.34,1.32,11,8,19,14,1,4,43,2.26,38,21,17,2.0,1.11,8,1,19,0,9,10,9,0.47,13,29,-16,0.68,1.53,3,7
2015-16,Malaga,Málaga CF,38,12,12,14,48,1.26,38,35,3,1.0,0.92,12,16,19,8,6,5,30,1.58,26,15,11,1.37,0.79,7,5,19,4,6,9,18,0.95,12,20,-8,0.63,1.05,5,11
2015-16,Sociedad,Real Sociedad,38,13,9,16,48,1.26,45,48,-3,1.18,1.26,13,13,19,7,5,7,26,1.37,22,20,2,1.16,1.05,6,6,19,6,4,9,22,1.16,23,28,-5,1.21,1.47,7,7
2015-16,Betis,Real Betis Balompié,38,11,12,15,45,1.18,34,52,-18,0.89,1.37,12,12,19,6,6,7,24,1.26,17,23,-6,0.89,1.21,6,5,19,5,6,8,21,1.11,17,29,-12,0.89,1.53,6,7
2015-16,Valencia,Valencia CF,38,11,11,16,44,1.16,46,48,-2,1.21,1.26,7,13,19,6,7,6,25,1.32,25,23,2,1.32,1.21,5,6,19,5,4,10,19,1.0,21,25,-4,1.11,1.32,2,7
2015-16,Las Palmas,UD Las Palmas,38,12,8,18,44,1.16,45,53,-8,1.18,1.39,11,13,19,8,5,6,29,1.53,25,17,8,1.32,0.89,8,7,19,4,3,12,15,0.79,20,36,-16,1.05,1.89,3,6
2015-16,Eibar,SD Eibar,38,11,10,17,43,1.13,49,61,-12,1.29,1.61,7,10,19,8,5,6,29,1.53,26,22,4,1.37,1.16,4,4,19,3,5,11,14,0.74,23,39,-16,1.21,2.05,3,6
2015-16,Espanol,RCD Espanyol,38,12,7,19,43,1.13,40,74,-34,1.05,1.95,7,12,19,9,5,5,32,1.68,22,28,-6,1.16,1.47,7,4,19,3,2,14,11,0.58,18,46,-28,0.95,2.42,0,8
2015-16,La Coruna,Deportivo La Coruña,38,8,18,12,42,1.11,45,61,-16,1.18,1.61,7,10,19,4,8,7,20,1.05,25,34,-9,1.32,1.79,4,5,19,4,10,5,22,1.16,20,27,-7,1.05,1.42,3,5
2015-16,Sp Gijon,Sporting Gijón,38,10,9,19,39,1.03,40,62,-22,1.05,1.63,7,15,19,7,4,8,25,1.32,28,28,0,1.47,1.47,4,5,19,3,5,11,14,0.74,12,34,-22,0.63,1.79,3,10
2015-16,Granada,Granada CF,38,10,9,19,39,1.03,46,69,-23,1.21,1.82,4,12,19,6,5,8,23,1.21,26,31,-5,1.37,1.63,3,5,19,4,4,11,16,0.84,20,38,-18,1.05,2.0,1,7
2015-16,Vallecano,Rayo Vallecano,38,9,11,18,38,1.0,52,73,-21,1.37,1.92,6,8,19,8,4,7,28,1.47,29,29,0,1.53,1.53,5,4,19,1,7,11,10,0.53,23,44,-21,1.21,2.32,1,4
2015-16,Getafe,Getafe CF,38,9,9,20,36,0.95,37,67,-30,0.97,1.76,8,15,19,6,7,6,25,1.32,23,20,3,1.21,1.05,6,5,19,3,2,14,11,0.58,14,47,-33,0.74,2.47,2,10
2015-16,Levante,Levante UD,38,8,8,22,32,0.84,37,70,-33,0.97,1.84,6,14,19,7,5,7,26,1.37,23,26,-3,1.21,1.37,4,5,19,1,3,15,6,0.32,14,44,-30,0.74,2.32,2,9
2016-17,Real Madrid,Real Madrid CF,38,29,6,3,93,2.45,106,41,65,2.79,1.08,10,0,19,14,4,1,46,2.42,48,20,28,2.53,1.05,5,0,19,15,2,2,47,2.47,58,21,37,3.05,1.11,5,0
2016-17,Barcelona,FC Barcelona,38,28,6,4,90,2.37,116,37,79,3.05,0.97,13,2,19,15,3,1,48,2.53,64,17,47,3.37,0.89,7,1,19,13,3,3,42,2.21,52,20,32,2.74,1.05,6,1
2016-17,Ath Madrid,Club Atlético de Madrid,38,23,9,6,78,2.05,70,27,43,1.84,0.71,20,8,19,14,2,3,44,2.32,40,14,26,2.11,0.74,10,3,19,9,7,3,34,1.79,30,13,17,1.58,0.68,10,5
2016-17,Sevilla,Sevilla FC,38,21,9,8,72,1.89,69,49,20,1.82,1.29,13,5,19,14,4,1,46,2.42,39,16,23,2.05,0.84,8,2,19,7,5,7,26,1.37,30,33,-3,1.58,1.74,5,3
2016-17,Villarreal,Villarreal CF,38,19,10,9,67,1.76,56,33,23,1.47,0.87,16,10,19,11,4,4,37,1.95,35,18,17,1.84,0.95,7,4,19,8,6,5,30,1.58,21,15,6,1.11,0.79,9,6
2016-17,Sociedad,Real Sociedad,38,19,7,12,64,1.68,59,53,6,1.55,1.39,10,8,19,10,5,4,35,1.84,30,24,6,1.58,1.26,5,4,19,9,2,8,29,1.53,29,29,0,1.53,1.53,5,4
2016-17,Ath Bilbao,Athletic Bilbao,38,19,6,13,63,1.66,53,43,10,1.39,1.13,10,9,19,13,4,2,43,2.26,36,18,18,1.89,0.95,4,2,19,6,2,11,20,1.05,17,25,-8,0.89,1.32,6,7
2016-17,Espanol,RCD Espanyol,38,15,11,12,56,1.47,49,50,-1,1.29,1.32,11,12,19,8,5,6,29,1.53,28,24,4,1.47,1.26,5,7,19,7,6,6,27,1.42,21,26,-5,1.11,1.37,6,5
2016-17,Alaves,Deportivo Alavés,38,14,13,11,55,1.45,41,43,-2,1.08,1.13,12,13,19,7,8,4,29,1.53,19,21,-2,1.0,1.11,7,7,19,7,5,7,26,1.37,22,22,0,1.16,1.16,5,6
2016-17,Eibar,SD Eibar,38,15,9,14,54,1.42,56,51,5,1.47,1.34,10,10,19,10,3,6,33,1.74,29,21,8,1.53,1.11,7,5,19,5,6,8,21,1.11,27,30,-3,1.42,1.58,3,5
2016-17,Malaga,Málaga CF,38,12,10,16,46,1.21,49,55,-6,1.29,1.45,8,12,19,10,2,7,32,1.68,32,25,7,1.68,1.32,4,5,19,2,8,9,14,0.74,17,30,-13,0.89,1.58,4,7
2016-17,Valencia,Valencia CF,38,13,7,18,46,1.21,56,65,-9,1.47,1.71,7,7,19,8,4,7,28,1.47,32,32,0,1.68,1.68,4,3,19,5,3,11,18,0.95,24,33,-9,1.26,1.74,3,4
2016-17,Celta,RC Celta de Vigo,38,13,6,19,45,1.18,53,69,-16,1.39,1.82,7,13,19,9,2,8,29,1.53,30,32,-2,1.58,1.68,2,7,19,4,4,11,16,0.84,23,37,-14,1.21,1.95,5,6
2016-17,Las Palmas,UD Las Palmas,38,10,9,19,39,1.03,53,74,-21,1.39,1.95,5,11,19,9,6,4,33,1.74,33,25,8,1.74,1.32,5,4,19,1,3,15,6,0.32,20,49,-29,1.05,2.58,0,7
2016-17,Betis,Real Betis Balompié,38,10,9,19,39,1.03,41,64,-23,1.08,1.68,10,11,19,6,7,6,25,1.32,22,24,-2,1.16,1.26,9,5,19,4,2,13,14,0.74,19,40,-21,1.0,2.11,1,6
2016-17,La Coruna,Deportivo La Coruña,38,8,12,18,36,0.95,43,61,-18,1.13,1.61,9,13,19,7,5,7,26,1.37,27,23,4,1.42,1.21,5,5,19,1,7,11,10,0.53,16,38,-22,0.84,2.0,4,8
2016-17,Leganes,CD Leganés,38,8,11,19,35,0.92,36,55,-19,0.95,1.45,11,15,19,5,6,8,21,1.11,22,23,-1,1.16,1.21,9,8,19,3,5,11,14,0.74,14,32,-18,0.74,1.68,2,7
2016-17,Sp Gijon,Sporting Gijón,38,7,10,21,31,0.82,42,72,-30,1.11,1.89,7,9,19,5,4,10,19,1.0,26,38,-12,1.37,2.0,1,3,19,2,6,11,12,0.63,16,34,-18,0.84,1.79,6,6
2016-17,Osasuna,CA Osasuna,38,4,10,24,22,0.58,40,94,-54,1.05,2.47,2,12,19,2,7,10,13,0.68,23,39,-16,1.21,2.05,1,5,19,2,3,14,9,0.47,17,55,-38,0.89,2.89,1,7
2016-17,Granada,Granada CF,38,4,8,26,20,0.53,30,82,-52,0.79,2.16,3,14,19,4,4,11,16,0.84,17,32,-15,0.89,1.68,2,7,19,0,4,15,4,0.21,13,50,-37,0.68,2.63,1,7
2017-18,Barcelona,FC Barcelona,38,28,9,1,93,2.45,99,29,70,2.61,0.76,19,1,19,16,3,0,51,2.68,53,11,42,2.79,0.58,10,1,19,12,6,1,42,2.21,46,18,28,2.42,0.95,9,0
2017-18,Ath Madrid,Club Atlético de Madrid,38,23,10,5,79,2.08,58,22,36,1.53,0.58,23,8,19,12,6,1,42,2.21,30,8,22,1.58,0.42,13,3,19,11,4,4,37,1.95,28,14,14,1.47,0.74,10,5
2017-18,Real Madrid,Real Madrid CF,38,22,10,6,76,2.0,94,44,50,2.47,1.16,10,6,19,12,4,3,40,2.11,54,20,34,2.84,1.05,6,3,19,10,6,3,36,1.89,40,24,16,2.11,1.26,4,3
2017-18,Valencia,Valencia CF,38,22,7,9,73,1.92,65,38,27,1.71,1.0,12,6,19,13,3,3,42,2.21,36,16,20,1.89,0.84,8,3,19,9,4,6,31,1.63,29,22,7,1.53,1.16,4,3
2017-18,Villarreal,Villarreal CF,38,18,7,13,61,1.61,57,50,7,1.5,1.32,11,8,19,11,3,5,36,1.89,35,22,13,1.84,1.16,6,3,19,7,4,8,25,1.32,22,28,-6,1.16,1.47,5,5
2017-18,Betis,Real Betis Balompié,38,18,6,14,60,1.58,60,61,-1,1.58,1.61,13,11,19,10,4,5,34,1.79,35,31,4,1.84,1.63,6,4,19,8,2,9,26,1.37,25,30,-5,1.32,1.58,7,7
2017-18,Sevilla,Sevilla FC,38,17,7,14,58,1.53,49,58,-9,1.29,1.53,14,9,19,11,5,3,38,2.0,31,22,9,1.63,1.16,9,2,19,6,2,11,20,1.05,18,36,-18,0.95,1.89,5,7
2017-18,Getafe,Getafe CF,38,15,10,13,55,1.45,42,33,9,1.11,0.87,14,13,19,9,4,6,31,1.63,26,13,13,1.37,0.68,9,6,19,6,6,7,24,1.26,16,20,-4,0.84,1.05,5,7
2017-18,Eibar,SD Eibar,38,14,9,15,51,1.34,44,50,-6,1.16,1.32,11,15,19,8,4,7,28,1.47,26,19,7,1.37,1.0,6,8,19,6,5,8,23,1.21,18,31,-13,0.95,1.63,5,7
2017-18,Girona,Girona FC,38,14,9,15,51,1.34,50,59,-9,1.32,1.55,11,10,19,8,3,8,27,1.42,26,22,4,1.37,1.16,7,5,19,6,6,7,24,1.26,24,37,-13,1.26,1.95,4,5
2017-18,Sociedad,Real Sociedad,38,14,7,17,49,1.29,66,59,7,1.74,1.55,10,9,19,10,3,6,33,1.74,47,29,18,2.47,1.53,5,1,19,4,4,11,16,0.84,19,30,-11,1.0,1.58,5,8
2017-18,Celta,RC Celta de Vigo,38,13,10,15,49,1.29,59,60,-1,1.55,1.58,7,8,19,8,8,3,32,1.68,34,23,11,1.79,1.21,5,3,19,5,2,12,17,0.89,25,37,-12,1.32,1.95,2,5
2017-18,Espanol,RCD Espanyol,38,12,13,13,49,1.29,36,42,-6,0.95,1.11,12,15,19,8,6,5,30,1.58,20,16,4,1.05,0.84,6,7,19,4,7,8,19,1.0,16,26,-10,0.84,1.37,6,8
2017-18,Alaves,Deportivo Alavés,38,15,2,21,47,1.24,40,50,-10,1.05,1.32,12,13,19,9,1,9,28,1.47,21,23,-2,1.11,1.21,7,4,19,6,1,12,19,1.0,19,27,-8,1.0,1.42,5,9
2017-18,Levante,Levante UD,38,11,13,14,46,1.21,44,58,-14,1.16,1.53,10,13,19,7,6,6,27,1.42,25,28,-3,1.32,1.47,4,5,19,4,7,8,19,1.0,19,30,-11,1.0,1.58,6,8
2017-18,Ath Bilbao,Athletic Bilbao,38,10,13,15,43,1.13,41,49,-8,1.08,1.29,11,12,19,6,8,5,26,1.37,19,16,3,1.0,0.84,9,6,19,4,5,10,17,0.89,22,33,-11,1.16,1.74,2,6
2017-18,Leganes,CD Leganés,38,12,7,19,43,1.13,34,51,-17,0.89,1.34,14,17,19,9,4,6,31,1.63,19,19,0,1.0,1.0,9,8,19,3,3,13,12,0.63,15,32,-17,0.79,1.68,5,9
2017-18,La Coruna,Deportivo La Coruña,38,6,11,21,29,0.76,38,76,-38,1.0,2.0,6,14,19,4,6,9,18,0.95,22,33,-11,1.16,1.74,4,5,19,2,5,12,11,0.58,16,43,-27,0.84,2.26,2,9
2017-18,Las Palmas,UD Las Palmas,38,5,7,26,22,0.58,24,74,-50,0.63,1.95,5,20,19,4,2,13,14,0.74,15,38,-23,0.79,2.0,3,7,19,1,5,13,8,0.42,9,36,-27,0.47,1.89,2,13
2017-18,Malaga,Málaga CF,38,5,5,28,20,0.53,24,61,-37,0.63,1.61,6,23,19,4,3,12,15,0.79,14,27,-13,0.74,1.42,4,11,19,1,2,16,5,0.26,10,34,-24,0.53,1.79,2,12
2018-19,Barcelona,FC Barcelona,38,26,9,3,87,2.29,90,36,54,2.37,0.95,17,3,19,15,3,1,48,2.53,51,17,34,2.68,0.89,9,0,19,11,6,2,39,2.05,39,19,20,2.05,1.0,8,3
2018-19,Ath Madrid,Club Atlético de Madrid,38,22,10,6,76,2.0,55,29,26,1.45,0.76,20,6,19,15,3,1,48,2.53,32,10,22,1.68,0.53,13,0,19,7,7,5,28,1.47,23,19,4,1.21,1.0,7,6
2018-19,Real Madrid,Real Madrid CF,38,21,5,12,68,1.79,63,46,17,1.66,1.21,12,9,19,13,1,5,40,2.11,32,15,17,1.68,0.79,10,4,19,8,4,7,28,1.47,31,31,0,1.63,1.63,2,5
2018-19,Valencia,Valencia CF,38,15,16,7,61,1.61,51,35,16,1.34,0.92,13,11,19,7,10,2,31,1.63,24,12,12,1.26,0.63,7,6,19,8,6,5,30,1.58,27,23,4,1.42,1.21,6,5
2018-19,Sevilla,Sevilla FC,38,17,8,13,59,1.55,62,47,15,1.63,1.24,11,12,19,12,3,4,39,2.05,39,20,19,2.05,1.05,8,4,19,5,5,9,20,1.05,23,27,-4,1.21,1.42,3,8
2018-19,Getafe,Getafe CF,38,15,14,9,59,1.55,48,35,13,1.26,0.92,13,11,19,11,3,5,36,1.89,28,13,15,1.47,0.68,10,6,19,4,11,4,23,1.21,20,22,-2,1.05,1.16,3,5
2018-19,Espanol,RCD Espanyol,38,14,11,13,53,1.39,48,50,-2,1.26,1.32,10,8,19,11,3,5,36,1.89,28,22,6,1.47,1.16,7,2,19,3,8,8,17,0.89,20,28,-8,1.05,1.47,3,6
2018-19,Ath Bilbao,Athletic Bilbao,38,13,14,11,53,1.39,41,45,-4,1.08,1.18,10,11,19,9,8,2,35,1.84,26,19,7,1.37,1.0,7,3,19,4,6,9,18,0.95,15,26,-11,0.79,1.37,3,8
2018-19,Sociedad,Real Sociedad,38,13,11,14,50,1.32,45,46,-1,1.18,1.21,9,13,19,7,6,6,27,1.42,23,20,3,1.21,1.05,4,7,19,6,5,8,23,1.21,22,26,-4,1.16,1.37,5,6
2018-19,Betis,Real Betis Balompié,38,14,8,16,50,1.32,44,52,-8,1.16,1.37,11,10,19,8,5,6,29,1.53,25,26,-1,1.32,1.37,5,2,19,6,3,10,21,1.11,19,26,-7,1.0,1.37,6,8
2018-19,Alaves,Deportivo Alavés,38,13,11,14,50,1.32,39,50,-11,1.03,1.32,8,13,19,7,8,4,29,1.53,19,19,0,1.0,1.0,5,7,19,6,3,10,21,1.11,20,31,-11,1.05,1.63,3,6
2018-19,Eibar,SD Eibar,38,11,14,13,47,1.24,46,50,-4,1.21,1.32,9,11,19,9,6,4,33,1.74,31,21,10,1.63,1.11,7,2,19,2,8,9,14,0.74,15,29,-14,0.79,1.53,2,9
2018-19,Leganes,CD Leganés,38,11,12,15,45,1.18,37,43,-6,0.97,1.13,11,13,19,7,8,4,29,1.53,19,16,3,1.0,0.84,7,5,19,4,4,11,16,0.84,18,27,-9,0.95,1.42,4,8
2018-19,Villarreal,Villarreal CF,38,10,14,14,44,1.16,49,52,-3,1.29,1.37,11,9,19,5,8,6,23,1.21,28,26,2,1.47,1.37,3,3,19,5,6,8,21,1.11,21,26,-5,1.11,1.37,8,6
2018-19,Levante,Levante UD,38,11,11,16,44,1.16,59,66,-7,1.55,1.74,7,9,19,6,7,6,25,1.32,34,34,0,1.79,1.79,5,3,19,5,4,10,19,1.0,25,32,-7,1.32,1.68,2,6
2018-19,Celta,RC Celta de Vigo,38,10,11,17,41,1.08,53,62,-9,1.39,1.63,8,9,19,8,5,6,29,1.53,31,25,6,1.63,1.32,6,3,19,2,6,11,12,0.63,22,37,-15,1.16,1.95,2,6
2018-19,Valladolid,Real Valladolid CF,38,10,11,17,41,1.08,32,51,-19,0.84,1.34,9,17,19,5,5,9,20,1.05,16,26,-10,0.84,1.37,5,8,19,5,6,8,21,1.11,16,25,-9,0.84,1.32,4,9
2018-19,Girona,Girona FC,38,9,10,19,37,0.97,37,53,-16,0.97,1.39,9,14,19,3,6,10,15,0.79,17,28,-11,0.89,1.47,4,7,19,6,4,9,22,1.16,20,25,-5,1.05,1.32,5,7
2018-19,Huesca,SD Huesca,38,7,12,19,33,0.87,43,65,-22,1.13,1.71,6,13,19,5,6,8,21,1.11,24,30,-6,1.26,1.58,3,7,19,2,6,11,12,0.63,19,35,-16,1.0,1.84,3,6
2018-19,Vallecano,Rayo Vallecano,38,8,8,22,32,0.84,41,70,-29,1.08,1.84,7,9,19,5,6,8,21,1.11,25,32,-7,1.32,1.68,4,3,19,3,2,14,11,0.58,16,38,-22,0.84,2.0,3,6
2019-20,Real Madrid,Real Madrid CF,38,26,9,3,87,2.29,70,25,45,1.84,0.66,19,6,19,15,4,0,49,2.58,40,11,29,2.11,0.58,11,2,19,11,5,3,38,2.0,30,14,16,1.58,0.74,8,4
2019-20,Barcelona,FC Barcelona,38,25,7,6,82,2.16,86,38,48,2.26,1.0,15,6,19,16,2,1,50,2.63,52,16,36,2.74,0.84,8,1,19,9,5,5,32,1.68,34,22,12,1.79,1.16,7,5
2019-20,Ath Madrid,Club Atlético de Madrid,38,18,16,4,70,1.84,51,27,24,1.34,0.71,17,9,19,12,6,1,42,2.21,28,11,17,1.47,0.58,10,4,19,6,10,3,28,1.47,23,16,7,1.21,0.84,7,5
2019-20,Sevilla,Sevilla FC,38,19,13,6,70,1.84,54,34,20,1.42,0.89,17,4,19,10,7,2,37,1.95,26,14,12,1.37,0.74,9,2,19,9,6,4,33,1.74,28,20,8,1.47,1.05,8,2
2019-20,Villarreal,Villarreal CF,38,18,6,14,60,1.58,63,49,14,1.66,1.29,12,3,19,9,5,5,32,1.68,37,25,12,1.95,1.32,7,2,19,9,1,9,28,1.47,26,24,2,1.37,1.26,5,1
2019-20,Sociedad,Real Sociedad,38,16,8,14,56,1.47,56,48,8,1.47,1.26,9,7,19,9,4,6,31,1.63,33,20,13,1.74,1.05,6,2,19,7,4,8,25,1.32,23,28,-5,1.21,1.47,3,5
2019-20,Granada,Granada CF,38,16,8,14,56,1.47,52,45,7,1.37,1.18,13,10,19,10,3,6,33,1.74,26,16,10,1.37,0.84,8,3,19,6,5,8,23,1.21,26,29,-3,1.37,1.53,5,7
2019-20,Getafe,Getafe CF,38,14,12,12,54,1.42,43,37,6,1.13,0.97,15,14,19,8,6,5,30,1.58,25,20,5,1.32,1.05,8,7,19,6,6,7,24,1.26,18,17,1,0.95,0.89,7,7
2019-20,Valencia,Valencia CF,38,14,11,13,53,1.39,46,53,-7,1.21,1.39,8,9,19,11,7,1,40,2.11,29,16,13,1.53,0.84,7,1,19,3,4,12,13,0.68,17,37,-20,0.89,1.95,1,8
2019-20,Osasuna,CA Osasuna,38,13,13,12,52,1.37,46,54,-8,1.21,1.42,11,12,19,7,7,5,28,1.47,26,29,-3,1.37,1.53,6,6,19,6,6,7,24,1.26,20,25,-5,1.05,1.32,5,6
2019-20,Ath Bilbao,Athletic Bilbao,38,13,12,13,51,1.34,41,38,3,1.08,1.0,12,13,19,9,4,6,31,1.63,21,14,7,1.11,0.74,8,6,19,4,8,7,20,1.05,20,24,-4,1.05,1.26,4,7
2019-20,Levante,Levante UD,38,14,7,17,49,1.29,47,53,-6,1.24,1.39,6,11,19,9,5,5,32,1.68,27,19,8,1.42,1.0,5,4,19,5,2,12,17,0.89,20,34,-14,1.05,1.79,1,7
2019-20,Valladolid,Real Valladolid CF,38,9,15,14,42,1.11,32,43,-11,0.84,1.13,12,15,19,5,10,4,25,1.32,18,15,3,0.95,0.79,8,7,19,4,5,10,17,0.89,14,28,-14,0.74,1.47,4,8
2019-20,Eibar,SD Eibar,38,11,9,18,42,1.11,39,56,-17,1.03,1.47,11,15,19,8,3,8,27,1.42,25,25,0,1.32,1.32,6,6,19,3,6,10,15,0.79,14,31,-17,0.74,1.63,5,9
2019-20,Betis,Real Betis Balompié,38,10,11,17,41,1.08,48,60,-12,1.26,1.58,6,10,19,9,4,6,31,1.63,34,27,7,1.79,1.42,3,1,19,1,7,11,10,0.53,14,33,-19,0.74,1.74,3,9
2019-20,Alaves,Deportivo Alavés,38,10,9,19,39,1.03,34,59,-25,0.89,1.55,9,14,19,7,6,6,27,1.42,20,19,1,1.05,1.0,7,6,19,3,3,13,12,0.63,14,40,-26,0.74,2.11,2,8
2019-20,Celta,RC Celta de Vigo,38,7,16,15,37,0.97,37,49,-12,0.97,1.29,12,14,19,5,8,6,23,1.21,22,20,2,1.16,1.05,6,6,19,2,8,9,14,0.74,15,29,-14,0.79,1.53,6,8
2019-20,Leganes,CD Leganés,38,8,12,18,36,0.95,30,51,-21,0.79,1.34,9,16,19,5,5,9,20,1.05,17,26,-9,0.89,1.37,5,7,19,3,7,9,16,0.84,13,25,-12,0.68,1.32,4,9
2019-20,Mallorca,RCD Mallorca,38,9,6,23,33,0.87,40,65,-25,1.05,1.71,5,18,19,8,3,8,27,1.42,25,22,3,1.32,1.16,5,7,19,1,3,15,6,0.32,15,43,-28,0.79,2.26,0,11
2019-20,Espanol,RCD Espanyol,38,5,10,23,25,0.66,27,58,-31,0.71,1.53,6,18,19,2,6,11,12,0.63,15,31,-16,0.79,1.63,3,8,19,3,4,12,13,0.68,12,27,-15,0.63,1.42,3,10
